日期,外陸資買進股數(不含外資自營商),外陸資賣出股數(不含外資自營商),外陸資買賣超股數(不含外資自營商),外資自營商買進股數,外資自營商賣出股數,外資自營商買賣超股數,投信買進股數,投信賣出股數,投信買賣超股數,自營商買賣超股數,自營商買進股數(自行買賣),自營商賣出股數(自行買賣),自營商買賣超股數(自行買賣),自營商買進股數(避險),自營商賣出股數(避險),自營商買賣超股數(避險),三大法人買賣超股數
1-3,"64,000","5,000","59,000",0,0,0,0,0,0,"-243,937","30,000",0,"30,000","328,819","602,756","-273,937","-184,937"
1-4,0,"20,000","-20,000",0,0,0,0,0,0,"-23,656",0,0,0,"227,000","250,656","-23,656","-43,656"
1-5,175,"9,000","-8,825",0,0,0,0,0,0,"-55,857",0,0,0,"42,236","98,093","-55,857","-64,682"
1-6,0,"10,000","-10,000",0,0,0,0,0,0,"-264,744",0,0,0,"118,848","383,592","-264,744","-274,744"
1-9,"107,265","19,000","88,265",0,0,0,0,0,0,"296,348",0,"30,000","-30,000","422,348","96,000","326,348","384,613"
1-10,"64,000","6,000","58,000",0,0,0,0,0,0,"-82,246",0,0,0,"144,457","226,703","-82,246","-24,246"
1-11,0,"6,000","-6,000",0,0,0,0,0,0,"-150,708","6,000",0,"6,000","116,000","272,708","-156,708","-156,708"
1-12,"5,000","13,000","-8,000",0,0,0,0,0,0,"-52,220","2,000",0,"2,000","145,000","199,220","-54,220","-60,220"
1-13,"55,000","25,000","30,000",0,0,0,0,0,0,"166,964","11,000",0,"11,000","264,027","108,063","155,964","196,964"
1-16,"48,336","18,000","30,336",0,0,0,0,0,0,"-51,000",0,0,0,"166,000","217,000","-51,000","-20,664"
1-17,"89,000","4,000","85,000",0,0,0,0,0,0,"-33,820",0,0,0,"184,000","217,820","-33,820","51,180"
1-30,"408,000","37,000","371,000",0,0,0,0,0,0,"-249,779",0,0,0,"119,221","369,000","-249,779","121,221"
1-31,"26,164","82,000","-55,836",0,0,0,0,0,0,"-161,071",0,0,0,"389,000","550,071","-161,071","-216,907"
2-1,"96,000","7,000","89,000",0,0,0,0,0,0,"-40,542","6,000",0,"6,000","113,072","159,614","-46,542","48,458"
2-2,"171,000","17,000","154,000",0,0,0,0,0,0,"329,014",0,0,0,"338,014","9,000","329,014","483,014"
2-3,"184,000","3,000","181,000",0,0,0,0,0,0,"-192,447",0,0,0,"192,000","384,447","-192,447","-11,447"
2-6,"3,160","81,000","-77,840",0,0,0,0,0,0,"-593,486",0,0,0,0,"593,486","-593,486","-671,326"
2-7,0,"126,000","-126,000",0,0,0,0,0,0,"-109,563",0,0,0,"65,000","174,563","-109,563","-235,563"
2-8,0,"37,000","-37,000",0,0,0,0,0,0,"342,057",0,0,0,"346,656","4,599","342,057","305,057"
2-9,"17,000","61,000","-44,000",0,0,0,0,0,0,"105,277","2,000",0,"2,000","109,000","5,723","103,277","61,277"
2-10,"36,000","13,000","23,000",0,0,0,0,0,0,"35,626",0,0,0,"61,000","25,374","35,626","58,626"
2-13,"4,261","41,000","-36,739",0,0,0,0,0,0,"-138,222",0,0,0,"173,561","311,783","-138,222","-174,961"
2-14,0,"44,000","-44,000",0,0,0,0,0,0,"398,234",0,0,0,"402,125","3,891","398,234","354,234"
2-15,"13,081","127,000","-113,919",0,0,0,0,0,0,"-536,315",0,0,0,"91,000","627,315","-536,315","-650,234"
2-16,375,"120,000","-119,625",0,0,0,0,0,0,"-71,235",0,0,0,"207,233","278,468","-71,235","-190,860"
2-17,"10,082","83,000","-72,918",0,0,0,0,0,0,"-206,584",0,0,0,"16,000","222,584","-206,584","-279,502"
2-20,"32,000","96,000","-64,000",0,0,0,0,0,0,"71,659",0,0,0,"173,000","101,341","71,659","7,659"
2-21,"8,000","29,000","-21,000",0,0,0,0,0,0,"-46,303",0,0,0,"52,000","98,303","-46,303","-67,303"
2-22,"8,000","117,000","-109,000",0,0,0,0,0,0,"-224,523",0,0,0,"36,000","260,523","-224,523","-333,523"
2-23,20,"104,000","-103,980",0,0,0,0,0,0,"281,744",0,0,0,"302,072","20,328","281,744","177,764"
2-24,"5,187","3,000","2,187",0,0,0,0,0,0,"345,871","15,000",0,"15,000","544,000","213,129","330,871","348,058"
3-1,"85,098","17,000","68,098",0,0,0,0,0,0,"-462,460",0,0,0,"124,000","586,460","-462,460","-394,362"
3-2,"41,000","147,000","-106,000",0,0,0,0,0,0,"95,315",0,0,0,"673,000","577,685","95,315","-10,685"
3-3,"10,000","15,000","-5,000",0,0,0,0,0,0,"3,988",0,0,0,"452,000","448,012","3,988","-1,012"
3-6,"5,160","65,000","-59,840",0,0,0,0,0,0,"-87,501",0,0,0,"192,921","280,422","-87,501","-147,341"
3-7,0,"68,000","-68,000",0,0,0,0,0,0,"226,008",0,0,0,"415,692","189,684","226,008","158,008"
3-8,"13,465","73,000","-59,535",0,0,0,0,0,0,"-90,711",0,0,0,"285,000","375,711","-90,711","-150,246"
3-9,"53,000",0,"53,000",0,0,0,0,0,0,"-128,229",0,0,0,"128,000","256,229","-128,229","-75,229"
3-10,"15,882","12,000","3,882",0,0,0,0,0,0,"-497,657",0,0,0,"313,000","810,657","-497,657","-493,775"
3-14,"15,000","9,000","6,000",0,0,0,0,0,0,"-245,838",0,0,0,"33,000","278,838","-245,838","-239,838"
3-15,"7,117","27,000","-19,883",0,0,0,0,0,0,"-13,380",0,0,0,"142,667","156,047","-13,380","-33,263"
3-16,"25,000","88,000","-63,000",0,0,0,0,0,0,"-429,640",0,0,0,"236,000","665,640","-429,640","-492,640"
3-17,"10,000","9,000","1,000",0,0,0,0,0,0,"167,800",0,0,0,"176,031","8,231","167,800","168,800"
3-20,"2,000","6,000","-4,000",0,0,0,0,0,0,"-196,160",0,0,0,"109,000","305,160","-196,160","-200,160"
3-21,"22,045","6,000","16,045",0,0,0,0,0,0,"-124,945",0,0,0,"407,962","532,907","-124,945","-108,900"
3-22,"246,000","21,000","225,000",0,0,0,0,0,0,"384,708",0,0,0,"545,764","161,056","384,708","609,708"
3-23,"210,000","9,000","201,000",0,0,0,0,0,0,"9,034",0,0,0,"227,034","218,000","9,034","210,034"
3-24,"92,000","24,000","68,000",0,0,0,0,0,0,"374,546",0,0,0,"609,546","235,000","374,546","442,546"
3-27,"9,000","5,000","4,000",0,0,0,0,0,0,"-232,839",0,0,0,"37,841","270,680","-232,839","-228,839"
3-28,"4,033","13,000","-8,967",0,0,0,0,0,0,"-175,599",0,0,0,"172,000","347,599","-175,599","-184,566"
3-29,"3,000","8,000","-5,000",0,0,0,0,0,0,"186,912",0,0,0,"553,207","366,295","186,912","181,912"
3-30,"81,000","13,000","68,000",0,0,0,0,0,0,"301,141",0,0,0,"674,284","373,143","301,141","369,141"
3-31,"68,000","13,000","55,000",0,0,0,0,0,0,"238,784",0,0,0,"451,108","212,324","238,784","293,784"
4-6,"51,189","43,000","8,189",0,0,0,0,0,0,"-626,757",0,0,0,"120,000","746,757","-626,757","-618,568"
4-7,"6,000","22,098","-16,098",0,0,0,0,0,0,"18,161",0,0,0,"156,000","137,839","18,161","2,063"
4-10,"9,000","11,288","-2,288",0,0,0,0,0,0,"28,215",0,0,0,"602,000","573,785","28,215","25,927"
4-11,0,"11,000","-11,000",0,0,0,0,0,0,"19,180",0,0,0,"254,522","235,342","19,180","8,180"
4-12,0,"10,000","-10,000",0,0,0,0,0,0,"10,725",0,0,0,"43,000","32,275","10,725",725
4-13,202,"20,000","-19,798",0,0,0,0,0,0,"-234,447",0,0,0,"107,000","341,447","-234,447","-254,245"
4-14,"18,000","1,000","17,000",0,0,0,0,0,0,"344,179",0,0,0,"401,187","57,008","344,179","361,179"
4-17,"1,270","31,000","-29,730",0,0,0,0,0,0,"-427,856",0,0,0,"12,000","439,856","-427,856","-457,586"
4-18,"1,000","29,000","-28,000",0,0,0,0,0,0,"-169,174",0,0,0,"270,000","439,174","-169,174","-197,174"
4-19,"4,161","4,000",161,0,0,0,0,0,0,"-102,895",0,0,0,"187,000","289,895","-102,895","-102,734"
4-20,"109,000","4,000","105,000",0,0,0,0,0,0,"-278,905",0,0,0,"139,000","417,905","-278,905","-173,905"
4-21,"10,033","4,000","6,033",0,0,0,0,0,0,"-144,488",0,0,0,"67,082","211,570","-144,488","-138,455"
4-24,"12,000","7,000","5,000",0,0,0,0,0,0,"-138,408",0,0,0,"82,000","220,408","-138,408","-133,408"
4-25,"8,000","31,000","-23,000",0,0,0,0,0,0,"-496,920",0,0,0,"16,000","512,920","-496,920","-519,920"
4-26,"17,000","18,000","-1,000",0,0,0,0,0,0,"-365,798",0,0,0,"136,000","501,798","-365,798","-366,798"
4-27,"18,000","15,000","3,000",0,0,0,0,0,0,"-187,770",0,0,0,"113,000","300,770","-187,770","-184,770"
4-28,"2,000","102,000","-100,000",0,0,0,0,0,0,"166,367",0,0,0,"265,828","99,461","166,367","66,367"
5-2,"8,000","8,000",0,0,0,0,0,0,0,"109,564",0,0,0,"182,358","72,794","109,564","109,564"
5-3,"23,000","29,000","-6,000",0,0,0,0,0,0,"-61,059",0,0,0,"293,000","354,059","-61,059","-67,059"
5-4,"15,033","4,000","11,033",0,0,0,0,0,0,"399,347",0,0,0,"432,000","32,653","399,347","410,380"
5-5,0,"59,000","-59,000",0,0,0,0,0,0,"191,453",0,0,0,"316,000","124,547","191,453","132,453"
5-8,"15,000","1,000","14,000",0,0,0,0,0,0,"130,824",0,0,0,"342,109","211,285","130,824","144,824"
5-9,"3,000","22,000","-19,000",0,0,0,0,0,0,"75,225",0,"90,000","-90,000","272,000","106,775","165,225","56,225"
5-10,"38,486","33,000","5,486",0,0,0,0,0,0,"-328,287",0,0,0,"245,000","573,287","-328,287","-322,801"
5-11,"7,000",0,"7,000",0,0,0,0,0,0,"-516,354",0,0,0,"166,000","682,354","-516,354","-509,354"
5-12,"6,000","7,000","-1,000",0,0,0,0,0,0,"-54,391",0,0,0,"64,000","118,391","-54,391","-55,391"
5-15,"15,000","1,000","14,000",0,0,0,0,0,0,"-92,468",0,0,0,"196,532","289,000","-92,468","-78,468"
5-16,"21,000","16,000","5,000",0,0,0,0,0,0,"97,080",0,0,0,"206,080","109,000","97,080","102,080"
5-17,"3,000","6,000","-3,000",0,0,0,0,0,0,"726,606","30,000","200,000","-170,000","983,606","87,000","896,606","723,606"
5-18,"213,000","18,000","195,000",0,0,0,0,0,0,"1,171,582",0,"8,000","-8,000","1,218,083","38,501","1,179,582","1,366,582"
5-19,"183,035","13,000","170,035",0,0,0,0,0,0,"699,499",0,0,0,"701,549","2,050","699,499","869,534"
5-22,"247,000","4,652","242,348",0,0,0,0,0,0,"295,510","6,000",0,"6,000","423,663","134,153","289,510","537,858"
5-23,"1,000","41,000","-40,000",0,0,0,0,0,0,"252,085",0,0,0,"268,421","16,336","252,085","212,085"
5-24,"11,000","1,000","10,000",0,0,0,0,0,0,"89,801",0,0,0,"373,142","283,341","89,801","99,801"
5-25,"91,000","10,000","81,000",0,0,0,0,0,0,"409,865",0,0,0,"434,068","24,203","409,865","490,865"
5-26,"505,000","39,000","466,000",0,0,0,0,0,0,"1,058,306",0,0,0,"1,398,306","340,000","1,058,306","1,524,306"
5-29,"71,000","35,000","36,000",0,0,0,0,0,0,"304,542",0,"3,000","-3,000","498,946","191,404","307,542","340,542"
5-30,"34,000","86,000","-52,000",0,0,0,0,0,0,"236,394",0,0,0,"279,269","42,875","236,394","184,394"
5-31,"30,137","134,000","-103,863",0,0,0,0,0,0,"-31,037",0,0,0,"345,552","376,589","-31,037","-134,900"
6-1,"27,000","21,000","6,000",0,0,0,0,0,0,"-158,875",0,0,0,"178,000","336,875","-158,875","-152,875"
6-2,"83,000","19,000","64,000",0,0,0,0,0,0,"640,943",0,0,0,"893,572","252,629","640,943","704,943"
6-5,"10,000","102,000","-92,000",0,0,0,0,0,0,"-185,665",0,0,0,"121,289","306,954","-185,665","-277,665"
6-6,"4,000","2,000","2,000",0,0,0,0,0,0,"25,738",0,0,0,"817,595","791,857","25,738","27,738"
6-7,"11,000","13,000","-2,000",0,0,0,0,0,0,"504,317",0,0,0,"1,229,317","725,000","504,317","502,317"
6-8,"1,000","13,000","-12,000",0,0,0,0,0,0,"-449,490",0,0,0,"786,000","1,235,490","-449,490","-461,490"
6-9,"67,000","8,000","59,000",0,0,0,0,0,0,"228,136",0,0,0,"803,136","575,000","228,136","287,136"
6-12,"21,000","82,000","-61,000",0,0,0,0,0,0,"169,536",0,0,0,"735,412","565,876","169,536","108,536"
6-13,"204,000","33,000","171,000",0,0,0,0,0,0,"850,947",0,0,0,"1,850,947","1,000,000","850,947","1,021,947"
6-14,"71,000","2,000","69,000",0,0,0,0,0,0,"89,351",0,0,0,"896,766","807,415","89,351","158,351"
6-15,"38,000","41,000","-3,000",0,0,0,0,0,0,"427,794",0,0,0,"1,056,665","628,871","427,794","424,794"
6-16,"88,292","69,000","19,292",0,0,0,0,0,0,"-480,405",0,"1,000","-1,000","763,804","1,243,209","-479,405","-461,113"
6-19,"58,000","97,000","-39,000",0,0,0,0,0,0,"22,980",0,0,0,"643,551","620,571","22,980","-16,020"
6-20,"51,087","81,000","-29,913",0,0,0,0,0,0,"-138,381",0,0,0,"631,453","769,834","-138,381","-168,294"
6-21,"80,073","26,000","54,073",0,0,0,0,0,0,"-177,075",0,0,0,"1,330,262","1,507,337","-177,075","-123,002"
6-26,"23,059","229,000","-205,941",0,0,0,0,0,0,"-472,712",0,0,0,"527,000","999,712","-472,712","-678,653"
6-27,"45,000","157,000","-112,000",0,0,0,0,0,0,"-43,203",0,0,0,"784,000","827,203","-43,203","-155,203"
6-28,"36,000","135,000","-99,000",0,0,0,0,0,0,"221,037",0,0,0,"1,018,981","797,944","221,037","122,037"
6-29,"28,129","239,000","-210,871",0,0,0,0,0,0,"338,656",0,0,0,"1,492,054","1,153,398","338,656","127,785"
6-30,"61,030","367,000","-305,970",0,0,0,0,0,0,"159,780",0,0,0,"995,000","835,220","159,780","-146,190"
7-3,"49,100","401,000","-351,900",0,0,0,0,0,0,"-301,329",0,0,0,"728,962","1,030,291","-301,329","-653,229"
7-4,"57,000","225,000","-168,000",0,0,0,0,0,0,"-34,857",0,0,0,"902,976","937,833","-34,857","-202,857"
7-5,"20,073","176,000","-155,927",0,0,0,0,0,0,"-879,504",0,0,0,"593,000","1,472,504","-879,504","-1,035,431"
7-6,"85,105","349,000","-263,895",0,0,0,0,0,0,"-1,573,383",0,0,0,"891,000","2,464,383","-1,573,383","-1,837,278"
7-7,"92,030","13,000","79,030",0,0,0,0,0,0,"-361,994",0,0,0,"666,000","1,027,994","-361,994","-282,964"
7-10,"147,160","166,000","-18,840",0,0,0,0,0,0,"-385,381",0,0,0,"517,000","902,381","-385,381","-404,221"
7-11,"121,035","30,000","91,035",0,0,0,0,0,0,"451,718",0,0,0,"1,079,424","627,706","451,718","542,753"
7-12,"60,000","97,000","-37,000",0,0,0,0,0,0,"438,342",0,0,0,"940,007","501,665","438,342","401,342"
7-13,"346,100","156,000","190,100",0,0,0,0,0,0,"399,213",0,0,0,"787,835","388,622","399,213","589,313"
7-14,"527,130","57,000","470,130",0,0,0,0,0,0,"537,592",0,0,0,"1,252,592","715,000","537,592","1,007,722"
7-17,"233,200","68,000","165,200",0,0,0,0,0,0,"-659,719",0,0,0,"551,788","1,211,507","-659,719","-494,519"
7-18,"151,000","184,000","-33,000",0,0,0,0,0,0,"7,965",0,0,0,"717,953","709,988","7,965","-25,035"
7-19,"175,000","269,000","-94,000",0,0,0,0,0,0,"-545,029",0,0,0,"687,000","1,232,029","-545,029","-639,029"
7-20,"31,000","29,000","2,000",0,0,0,0,0,0,"-798,227",0,0,0,"538,443","1,336,670","-798,227","-796,227"
7-21,"207,030","273,000","-65,970",0,0,0,0,0,0,"20,372",0,0,0,"707,000","686,628","20,372","-45,598"
7-24,"78,000","210,400","-132,400",0,0,0,0,0,0,"-137,206",0,0,0,"632,363","769,569","-137,206","-269,606"
7-25,"93,000","231,700","-138,700",0,0,0,0,0,0,"193,634",0,0,0,"1,011,815","818,181","193,634","54,934"
7-26,"181,286","163,000","18,286",0,0,0,0,0,0,"-386,144",0,0,0,"757,040","1,143,184","-386,144","-367,858"
7-27,"73,000","149,000","-76,000",0,0,0,0,0,0,"52,295",0,0,0,"659,643","607,348","52,295","-23,705"
7-28,"45,000","224,000","-179,000",0,0,0,0,0,0,"120,226",0,0,0,"740,430","620,204","120,226","-58,774"
7-31,"69,000","181,000","-112,000",0,0,0,0,0,0,"-566,933",0,0,0,"691,131","1,258,064","-566,933","-678,933"
8-1,"214,000","125,000","89,000",0,0,0,0,0,0,"-132,774",0,0,0,"572,484","705,258","-132,774","-43,774"
8-2,"24,030","665,000","-640,970",0,0,0,0,0,0,"-3,182,800",0,0,0,"743,000","3,925,800","-3,182,800","-3,823,770"
8-4,"155,000","42,000","113,000",0,0,0,0,0,0,"-1,850,838",0,0,0,"310,000","2,160,838","-1,850,838","-1,737,838"
8-7,"80,030","15,000","65,030",0,0,0,0,0,0,"-1,425,142",0,0,0,"457,001","1,882,143","-1,425,142","-1,360,112"
8-8,"153,030","253,000","-99,970",0,0,0,0,0,0,"-2,783,010",0,0,0,"437,000","3,220,010","-2,783,010","-2,882,980"
8-9,"101,360","140,000","-38,640",0,0,0,0,0,0,"-892,659",0,0,0,"774,000","1,666,659","-892,659","-931,299"
8-10,"228,823","120,000","108,823",0,0,0,0,0,0,"-2,622,566",0,0,0,"948,000","3,570,566","-2,622,566","-2,513,743"
8-11,"85,280","90,000","-4,720",0,0,0,0,0,0,"-1,503,771",0,0,0,"580,000","2,083,771","-1,503,771","-1,508,491"
8-14,"125,250","698,000","-572,750",0,0,0,0,0,0,"-4,410,132",0,"32,000","-32,000","596,000","4,974,132","-4,378,132","-4,982,882"
8-15,"213,529","151,000","62,529",0,0,0,0,0,0,"-3,213,429",0,0,0,"1,229,000","4,442,429","-3,213,429","-3,150,900"
8-16,"82,658","419,000","-336,342",0,0,0,0,0,0,"-1,982,213",0,0,0,"581,000","2,563,213","-1,982,213","-2,318,555"
8-17,"128,340","677,000","-548,660",0,0,0,0,0,0,"-931,586",0,0,0,"1,026,162","1,957,748","-931,586","-1,480,246"
8-18,"38,430","221,000","-182,570",0,0,0,0,0,0,"-956,568",0,0,0,"1,040,000","1,996,568","-956,568","-1,139,138"
8-21,"29,250","111,000","-81,750",0,0,0,0,0,0,"-449,294",0,0,0,"645,000","1,094,294","-449,294","-531,044"
8-22,"175,680","83,000","92,680",0,0,0,0,0,0,"-207,729",0,0,0,"426,310","634,039","-207,729","-115,049"
8-23,"124,089","128,000","-3,911",0,0,0,0,0,0,"-293,407",0,0,0,"836,000","1,129,407","-293,407","-297,318"
8-24,"348,148","52,000","296,148",0,0,0,0,0,0,"294,939",0,0,0,"1,432,372","1,137,433","294,939","591,087"
8-25,"48,120","177,000","-128,880",0,0,0,0,0,0,"-1,853,411",0,0,0,"566,000","2,419,411","-1,853,411","-1,982,291"
8-28,"62,030","139,000","-76,970",0,0,0,0,0,0,"-135,988",0,0,0,"667,000","802,988","-135,988","-212,958"
8-29,"8,000","200,000","-192,000",0,0,0,0,0,0,"-130,319",0,0,0,"866,000","996,319","-130,319","-322,319"
8-30,500,"31,000","-30,500",0,0,0,0,0,0,"4,897",0,0,0,"893,000","888,103","4,897","-25,603"
8-31,"99,000","31,000","68,000",0,0,0,0,0,0,"-1,397,612",0,0,0,"504,000","1,901,612","-1,397,612","-1,329,612"
9-1,"14,030","33,000","-18,970",0,0,0,0,0,0,"-380,464",0,0,0,"666,000","1,046,464","-380,464","-399,434"
9-4,"122,000","117,000","5,000",0,0,0,0,0,0,"127,731",0,0,0,"919,505","791,774","127,731","132,731"
9-5,"5,000","30,000","-25,000",0,0,0,0,0,0,"-544,880",0,0,0,"506,000","1,050,880","-544,880","-569,880"
9-6,"76,150","35,485","40,665",0,0,0,0,0,0,"-674,838",0,0,0,"574,000","1,248,838","-674,838","-634,173"
9-7,"142,057","75,000","67,057",0,0,0,0,0,0,"-583,216",0,0,0,"684,000","1,267,216","-583,216","-516,159"
9-8,"2,090","215,000","-212,910",0,0,0,0,0,0,"-915,723",0,0,0,"716,000","1,631,723","-915,723","-1,128,633"
9-11,"30,151","529,000","-498,849",0,0,0,0,0,0,"-1,236,645",0,0,0,"689,000","1,925,645","-1,236,645","-1,735,494"
9-12,"16,000","68,500","-52,500",0,0,0,0,0,0,"-91,755",0,0,0,"953,000","1,044,755","-91,755","-144,255"
9-13,"3,720","32,000","-28,280",0,0,0,0,0,0,"-391,688",0,0,0,"565,000","956,688","-391,688","-419,968"
9-14,"119,000","10,000","109,000",0,0,0,0,0,0,"581,861",0,0,0,"885,951","304,090","581,861","690,861"
9-15,"114,000","46,000","68,000",0,0,0,0,0,0,"28,167",0,0,0,"812,000","783,833","28,167","96,167"
9-18,"104,109","42,000","62,109",0,0,0,0,0,0,"-1,796,985",0,0,0,"499,000","2,295,985","-1,796,985","-1,734,876"
9-19,"30,058","41,000","-10,942",0,0,0,0,0,0,"-427,675",0,0,0,"518,000","945,675","-427,675","-438,617"
9-20,"20,029","468,000","-447,971",0,0,0,0,0,0,"-407,079",0,0,0,"579,000","986,079","-407,079","-855,050"
9-21,"3,030","870,000","-866,970",0,0,0,0,0,0,"-1,843,108",0,0,0,"301,000","2,144,108","-1,843,108","-2,710,078"
9-22,"72,000","142,000","-70,000",0,0,0,0,0,0,"-504,951",0,0,0,"702,000","1,206,951","-504,951","-574,951"
9-25,"1,000","98,000","-97,000",0,0,0,0,0,0,"-113,865",0,0,0,"673,000","786,865","-113,865","-210,865"
9-26,"3,000","322,000","-319,000",0,0,0,0,0,0,"-1,129,723",0,0,0,"676,000","1,805,723","-1,129,723","-1,448,723"
9-27,"23,000","49,000","-26,000",0,0,0,0,0,0,"-364,232",0,0,0,"887,000","1,251,232","-364,232","-390,232"
9-28,"137,091","147,000","-9,909",0,0,0,0,0,0,"-850,609",0,0,0,"732,000","1,582,609","-850,609","-860,518"
10-2,"127,000","139,000","-12,000",0,0,0,0,0,0,"-36,003",0,0,0,"907,485","943,488","-36,003","-48,003"
10-3,"166,000","132,000","34,000",0,0,0,0,0,0,"-934,739",0,0,0,"855,000","1,789,739","-934,739","-900,739"
10-4,"20,092","75,000","-54,908",0,0,0,0,0,0,"-1,015,142",0,0,0,"616,000","1,631,142","-1,015,142","-1,070,050"
10-5,"35,060","15,000","20,060",0,0,0,0,0,0,"-61,147",0,0,0,"1,012,000","1,073,147","-61,147","-41,087"
10-6,"7,000","26,000","-19,000",0,0,0,0,0,0,"-1,454,274",0,0,0,"842,000","2,296,274","-1,454,274","-1,473,274"
10-11,"58,000","79,000","-21,000",0,0,0,0,0,0,"-661,851",0,0,0,"1,068,940","1,730,791","-661,851","-682,851"
10-12,"101,089","49,000","52,089",0,0,0,0,0,0,"407,535",0,0,0,"1,074,704","667,169","407,535","459,624"
10-13,"21,000","42,000","-21,000",0,0,0,0,0,0,"-367,690",0,0,0,"573,000","940,690","-367,690","-388,690"
10-16,"48,030","2,000","46,030",0,0,0,0,0,0,"-568,429",0,0,0,"469,000","1,037,429","-568,429","-522,399"
10-17,"16,000","4,000","12,000",0,0,0,0,0,0,"-123,235",0,0,0,"710,249","833,484","-123,235","-111,235"
10-18,"21,272","108,000","-86,728",0,0,0,0,0,0,"-871,394",0,0,0,"1,353,000","2,224,394","-871,394","-958,122"
10-19,"16,000",0,"16,000",0,0,0,0,0,0,"-325,687",0,0,0,"554,000","879,687","-325,687","-309,687"
10-20,"47,634","24,000","23,634",0,0,0,0,0,0,"-503,895","41,000",0,"41,000","1,148,000","1,692,895","-544,895","-480,261"
10-23,"19,000","113,000","-94,000",0,0,0,0,0,0,"-709,041","87,000",0,"87,000","444,000","1,240,041","-796,041","-803,041"
10-24,"79,000","127,000","-48,000",0,0,0,0,0,0,"-543,451","36,000",0,"36,000","1,270,000","1,849,451","-579,451","-591,451"
10-25,"43,000","12,000","31,000",0,0,0,0,0,0,"-356,282","14,000",0,"14,000","510,000","880,282","-370,282","-325,282"
10-26,"208,492","190,000","18,492",0,0,0,0,0,0,"-1,701,083","100,000","136,000","-36,000","1,108,000","2,773,083","-1,665,083","-1,682,591"
10-27,"15,000","2,000","13,000",0,0,0,0,0,0,"-337,541","100,000",0,"100,000","976,000","1,413,541","-437,541","-324,541"
10-30,0,"86,000","-86,000",0,0,0,0,0,0,"-784,683",0,"16,000","-16,000","1,192,000","1,960,683","-768,683","-870,683"
10-31,"119,124","16,000","103,124",0,0,0,0,0,0,"-1,140,762",0,"4,000","-4,000","668,000","1,804,762","-1,136,762","-1,037,638"
11-1,"18,000","82,000","-64,000",0,0,0,0,0,0,"-306,039",0,0,0,"905,000","1,211,039","-306,039","-370,039"
11-2,61,"89,000","-88,939",0,0,0,0,0,0,"-348,856",0,"149,000","-149,000","570,000","769,856","-199,856","-437,795"
11-3,"40,000","196,000","-156,000",0,0,0,0,0,0,"-887,370",0,"158,000","-158,000","621,000","1,350,370","-729,370","-1,043,370"
11-6,"39,268","3,000","36,268",0,0,0,0,0,0,"-989,610",0,"14,000","-14,000","680,752","1,656,362","-975,610","-953,342"
11-7,"1,000","23,000","-22,000",0,0,0,0,0,0,"-585,863",0,0,0,"624,000","1,209,863","-585,863","-607,863"
11-8,"14,806","44,000","-29,194",0,0,0,0,0,0,"-539,224",0,0,0,"700,000","1,239,224","-539,224","-568,418"
11-9,"109,000","65,000","44,000",0,0,0,0,0,0,"-481,747",0,0,0,"1,015,000","1,496,747","-481,747","-437,747"
11-10,"34,297","608,000","-573,703",0,0,0,0,0,0,"-912,280",0,0,0,"1,352,000","2,264,280","-912,280","-1,485,983"
11-13,"3,030","562,000","-558,970",0,0,0,0,0,0,"-511,647",0,"38,000","-38,000","1,274,000","1,747,647","-473,647","-1,070,617"
11-14,"23,000","785,000","-762,000",0,0,0,0,0,0,"-421,192",0,0,0,"1,283,908","1,705,100","-421,192","-1,183,192"
11-15,"36,999","145,000","-108,001",0,0,0,0,0,0,"-978,667",0,0,0,"2,066,000","3,044,667","-978,667","-1,086,668"
11-16,"436,163","32,000","404,163",0,0,0,0,0,0,"-2,039,380","74,000",0,"74,000","966,000","3,079,380","-2,113,380","-1,635,217"
11-17,"229,073","44,000","185,073",0,0,0,0,0,0,"1,217,428",0,0,0,"2,830,000","1,612,572","1,217,428","1,402,501"
11-20,"16,000","67,000","-51,000",0,0,0,0,0,0,"-661,662",0,0,0,"630,000","1,291,662","-661,662","-712,662"
11-21,"460,000","59,000","401,000",0,0,0,0,0,0,"362,848",0,0,0,"1,503,168","1,140,320","362,848","763,848"
11-22,"26,000","23,000","3,000",0,0,0,0,0,0,"-1,191,548","50,000",0,"50,000","638,000","1,879,548","-1,241,548","-1,188,548"
11-23,"92,000","28,000","64,000",0,0,0,0,0,0,"-215,432","150,000",0,"150,000","1,460,000","1,825,432","-365,432","-151,432"
11-24,0,"22,000","-22,000",0,0,0,0,0,0,"-142,587",0,0,0,"762,413","905,000","-142,587","-164,587"
11-27,"39,000","92,000","-53,000",0,0,0,0,0,0,"-1,135,332","100,000",0,"100,000","1,029,968","2,265,300","-1,235,332","-1,188,332"
11-29,0,"37,000","-37,000",0,0,0,0,0,0,"437,239",0,0,0,"1,800,263","1,363,024","437,239","400,239"
11-30,"4,088","34,000","-29,912",0,0,0,0,0,0,"192,297",0,0,0,"1,171,295","978,998","192,297","162,385"
12-1,"21,150","154,000","-132,850",0,0,0,0,0,0,"-149,759","15,000",0,"15,000","745,000","909,759","-164,759","-282,609"
12-4,"109,000","40,000","69,000",0,0,0,0,0,0,"-375,636","40,000","74,000","-34,000","935,000","1,276,636","-341,636","-306,636"
12-5,"71,030","126,000","-54,970",0,0,0,0,0,0,"-987,762","108,000",0,"108,000","1,159,000","2,254,762","-1,095,762","-1,042,732"
12-6,40,"19,000","-18,960",0,0,0,0,0,0,"305,629",0,0,0,"1,164,137","858,508","305,629","286,669"
12-7,"37,108",0,"37,108",0,0,0,0,0,0,"-810,126","2,000",0,"2,000","899,000","1,711,126","-812,126","-773,018"
12-8,"62,000","33,000","29,000",0,0,0,0,0,0,"604,658",0,0,0,"1,228,721","624,063","604,658","633,658"
12-11,"10,150","26,000","-15,850",0,0,0,0,0,0,"-238,872",0,0,0,"760,000","998,872","-238,872","-254,722"
12-12,"319,070","18,000","301,070",0,0,0,0,0,0,"170,599",0,0,0,"940,000","769,401","170,599","471,669"
12-13,"80,000","28,294","51,706",0,0,0,0,0,0,"553,217",0,0,0,"1,757,000","1,203,783","553,217","604,923"
12-14,"205,501","27,000","178,501",0,0,0,0,0,0,"792,619","58,000",0,"58,000","1,518,619","784,000","734,619","971,120"
12-15,"120,405","36,000","84,405",0,0,0,0,0,0,"1,003,160","21,000","82,000","-61,000","2,097,000","1,032,840","1,064,160","1,087,565"
12-18,"4,087","24,000","-19,913",0,0,0,0,0,0,"-116,528",0,"15,000","-15,000","623,688","725,216","-101,528","-136,441"
12-19,"122,040","84,500","37,540",0,0,0,0,0,0,"204,768","145,000",0,"145,000","751,000","691,232","59,768","242,308"
12-20,"344,057","17,000","327,057",0,0,0,0,0,0,"61,559","28,000",0,"28,000","1,767,603","1,734,044","33,559","388,616"
12-21,"47,000","3,000","44,000",0,0,0,0,0,0,"-405,671","1,000",0,"1,000","709,000","1,115,671","-406,671","-361,671"
12-22,"12,000","15,000","-3,000",0,0,0,0,0,0,"474,161",0,"52,000","-52,000","1,114,000","587,839","526,161","471,161"
12-25,"97,000","13,000","84,000",0,0,0,0,0,0,"354,978",0,0,0,"1,096,672","741,694","354,978","438,978"
12-26,"82,000","21,000","61,000",0,0,0,0,0,0,"714,783",0,0,0,"1,371,783","657,000","714,783","775,783"
12-27,"588,000","5,000","583,000",0,0,0,0,0,0,"416,253",0,"252,000","-252,000","1,837,253","1,169,000","668,253","999,253"
12-28,"128,085","39,222","88,863",0,0,0,0,0,0,"210,799",0,0,0,"1,169,044","958,245","210,799","299,662"
12-29,0,"24,000","-24,000",0,0,0,0,0,0,"426,245",0,0,0,"1,985,245","1,559,000","426,245","402,245"
